Year,Constructor,RaceWins,EventsWithResult,WinSharePct
2023,Red Bull,21,22,95.45
1988,McLaren,15,16,93.75
2016,Mercedes,19,21,90.48
2002,Ferrari,15,17,88.24
1952,Ferrari,7,8,87.5
2026,Mercedes,7,8,87.5
1950,Alfa Romeo,6,7,85.71
2014,Mercedes,16,19,84.21
2015,Mercedes,16,19,84.21
2004,Ferrari,15,18,83.33
1953,Ferrari,7,9,77.78
2022,Red Bull,17,22,77.27
2020,Mercedes,13,17,76.47
1984,McLaren,12,16,75.0
1996,Williams,12,16,75.0
2019,Mercedes,15,21,71.43
1955,Mercedes,5,7,71.43
1963,Lotus,7,10,70.0
2013,Red Bull,13,19,68.42
1995,Benetton,11,17,64.71
1971,Tyrrell,7,11,63.64
2011,Red Bull,12,19,63.16
1989,McLaren,10,16,62.5
1992,Williams,10,16,62.5
1993,Williams,10,16,62.5
1956,Ferrari,5,8,62.5
1961,Ferrari,5,8,62.5
2017,Mercedes,12,20,60.0
1960,Cooper,6,10,60.0
1965,Lotus,6,10,60.0
2000,Ferrari,10,17,58.82
2025,McLaren,14,24,58.33
1986,Williams,9,16,56.25
1987,Williams,9,16,56.25
1998,McLaren,9,16,56.25
1959,Cooper,5,9,55.56
1958,Vanwall,6,11,54.55
1969,Matra,6,11,54.55
2001,Ferrari,9,17,52.94
2007,Ferrari,9,17,52.94
2005,McLaren,10,19,52.63
2018,Mercedes,11,21,52.38
2021,Red Bull,11,22,50.0
2006,Ferrari,9,18,50.0
1978,Lotus,8,16,50.0
1991,McLaren,8,16,50.0
1994,Benetton,8,16,50.0
2003,Ferrari,8,16,50.0
1951,Alfa Romeo,4,8,50.0
1957,Maserati,4,8,50.0
2010,Red Bull,9,19,47.37
1997,Williams,8,17,47.06
2007,McLaren,8,17,47.06
2009,Brawn,8,17,47.06
1973,Lotus,7,15,46.67
1970,Lotus,6,13,46.15
2006,Renault,8,18,44.44
2008,Ferrari,8,18,44.44
1954,Mercedes,4,9,44.44
1962,BRM,4,9,44.44
1966,Brabham,4,9,44.44
1991,Williams,7,16,43.75
1994,Williams,7,16,43.75
1999,McLaren,7,16,43.75
1975,Ferrari,6,14,42.86
1980,Williams,6,14,42.86
2005,Renault,8,19,42.11
1968,Lotus,5,12,41.67
1972,Lotus,5,12,41.67
2000,McLaren,7,17,41.18
2021,Mercedes,9,22,40.91
1979,Ferrari,6,15,40.0
2024,Red Bull,9,24,37.5
1976,Ferrari,6,16,37.5
1976,McLaren,6,16,37.5
1985,McLaren,6,16,37.5
1990,Ferrari,6,16,37.5
1990,McLaren,6,16,37.5
1998,Ferrari,6,16,37.5
1999,Ferrari,6,16,37.5
1951,Ferrari,3,8,37.5
1957,Vanwall,3,8,37.5
1961,Lotus,3,8,37.5
1967,Brabham,4,11,36.36
1967,Lotus,4,11,36.36
2009,Red Bull,6,17,35.29
2012,McLaren,7,20,35.0
2012,Red Bull,7,20,35.0
2025,Red Bull,8,24,33.33
2008,McLaren,6,18,33.33
1973,Tyrrell,5,15,33.33
1979,Williams,5,15,33.33
1972,Tyrrell,4,12,33.33
1962,Lotus,3,9,33.33
2011,McLaren,6,19,31.58
1978,Ferrari,5,16,31.25
1992,McLaren,5,16,31.25
1993,McLaren,5,16,31.25
1970,Ferrari,4,13,30.77
1964,Ferrari,3,10,30.0
1964,Lotus,3,10,30.0
1965,BRM,3,10,30.0
1977,Lotus,5,17,29.41
1995,Williams,5,17,29.41
1997,Ferrari,5,17,29.41
2018,Ferrari,6,21,28.57
1974,McLaren,4,15,26.67
1981,Williams,4,15,26.67
1983,Brabham,4,15,26.67
1983,Ferrari,4,15,26.67
1983,Renault,4,15,26.67
2010,Ferrari,5,19,26.32
2010,McLaren,5,19,26.32
2024,McLaren,6,24,25.0
2017,Ferrari,5,20,25.0
1982,McLaren,4,16,25.0
1982,Renault,4,16,25.0
1985,Williams,4,16,25.0
1986,McLaren,4,16,25.0
2003,Williams,4,16,25.0
1968,Matra,3,12,25.0
1968,McLaren,3,12,25.0
1956,Maserati,2,8,25.0
1977,Ferrari,4,17,23.53
2001,McLaren,4,17,23.53
2001,Williams,4,17,23.53
1954,Ferrari,2,9,22.22
1954,Maserati,2,9,22.22
1959,Ferrari,2,9,22.22
1966,Ferrari,2,9,22.22
1975,McLaren,3,14,21.43
1980,Brabham,3,14,21.43
1980,Renault,3,14,21.43
2024,Ferrari,5,24,20.83
1973,McLaren,3,15,20.0
1974,Brabham,3,15,20.0
1974,Ferrari,3,15,20.0
1974,Lotus,3,15,20.0
1979,Ligier,3,15,20.0
1981,Brabham,3,15,20.0
1981,Renault,3,15,20.0
1960,Lotus,2,10,20.0
1963,BRM,2,10,20.0
1964,Brabham,2,10,20.0
1964,BRM,2,10,20.0
2018,Red Bull,4,21,19.05
1982,Ferrari,3,16,18.75
1985,Lotus,3,16,18.75
1987,McLaren,3,16,18.75
1989,Ferrari,3,16,18.75
1996,Ferrari,3,16,18.75
2022,Ferrari,4,22,18.18
1958,Cooper,2,11,18.18
1958,Ferrari,2,11,18.18
1969,Brabham,2,11,18.18
1969,Lotus,2,11,18.18
1971,BRM,2,11,18.18
1971,Ferrari,2,11,18.18
1977,McLaren,3,17,17.65
1977,Wolf,3,17,17.65
1997,McLaren,3,17,17.65
2024,Mercedes,4,24,16.67
2013,Mercedes,3,19,15.79
2014,Red Bull,3,19,15.79
2015,Ferrari,3,19,15.79
2012,Ferrari,3,20,15.0
2017,Red Bull,3,20,15.0
2019,Ferrari,3,21,14.29
2019,Red Bull,3,21,14.29
1975,Brabham,2,14,14.29
1980,Ligier,2,14,14.29
1950,Kurtis Kraft,1,7,14.29
1955,Ferrari,1,7,14.29
1955,Kurtis Kraft,1,7,14.29
1974,Tyrrell,2,15,13.33
1981,Ferrari,2,15,13.33
1981,Ligier,2,15,13.33
1978,Brabham,2,16,12.5
1982,Brabham,2,16,12.5
1984,Brabham,2,16,12.5
1985,Ferrari,2,16,12.5
1986,Lotus,2,16,12.5
1987,Ferrari,2,16,12.5
1987,Lotus,2,16,12.5
1989,Williams,2,16,12.5
1990,Benetton,2,16,12.5
1990,Williams,2,16,12.5
1999,Jordan,2,16,12.5
2003,McLaren,2,16,12.5
1951,Kurtis Kraft,1,8,12.5
1952,Kuzma,1,8,12.5
1956,Watson,1,8,12.5
1957,Epperly,1,8,12.5
2026,Ferrari,1,8,12.5
2009,McLaren,2,17,11.76
2020,Red Bull,2,17,11.76
2008,Renault,2,18,11.11
1953,Kurtis Kraft,1,9,11.11
1953,Maserati,1,9,11.11
1954,Kurtis Kraft,1,9,11.11
1959,BRM,1,9,11.11
1959,Watson,1,9,11.11
1962,Cooper,1,9,11.11
1962,Porsche,1,9,11.11
1966,BRM,1,9,11.11
1966,Cooper,1,9,11.11
1966,Lotus,1,9,11.11
2013,Ferrari,2,19,10.53
1960,Ferrari,1,10,10.0
1960,Watson,1,10,10.0
1963,Ferrari,1,10,10.0
1965,Honda,1,10,10.0
2016,Red Bull,2,21,9.52
1958,Epperly,1,11,9.09
1967,Cooper,1,11,9.09
1967,Eagle,1,11,9.09
1967,Honda,1,11,9.09
1969,McLaren,1,11,9.09
2025,Mercedes,2,24,8.33
1968,Ferrari,1,12,8.33
1972,BRM,1,12,8.33
1972,Ferrari,1,12,8.33
1972,McLaren,1,12,8.33
1970,Brabham,1,13,7.69
1970,BRM,1,13,7.69
1970,March,1,13,7.69
1975,Hesketh,1,14,7.14
1975,March,1,14,7.14
1975,Tyrrell,1,14,7.14
1979,Renault,1,15,6.67
1981,McLaren,1,15,6.67
1983,McLaren,1,15,6.67
1983,Tyrrell,1,15,6.67
1983,Williams,1,15,6.67
1976,Lotus,1,16,6.25
1976,March,1,16,6.25
1976,Penske,1,16,6.25
1976,Tyrrell,1,16,6.25
1978,Tyrrell,1,16,6.25
1982,Lotus,1,16,6.25
1982,Tyrrell,1,16,6.25
1982,Williams,1,16,6.25
1984,Ferrari,1,16,6.25
1984,Williams,1,16,6.25
1985,Brabham,1,16,6.25
1986,Benetton,1,16,6.25
1988,Ferrari,1,16,6.25
1989,Benetton,1,16,6.25
1991,Benetton,1,16,6.25
1992,Benetton,1,16,6.25
1993,Benetton,1,16,6.25
1994,Ferrari,1,16,6.25
1996,Ligier,1,16,6.25
1998,Jordan,1,16,6.25
1999,Stewart,1,16,6.25
2003,Jordan,1,16,6.25
2003,Renault,1,16,6.25
1977,Ligier,1,17,5.88
1977,Shadow,1,17,5.88
1995,Ferrari,1,17,5.88
1997,Benetton,1,17,5.88
2002,McLaren,1,17,5.88
2002,Williams,1,17,5.88
2009,Ferrari,1,17,5.88
2020,AlphaTauri,1,17,5.88
2020,Racing Point,1,17,5.88
2004,McLaren,1,18,5.56
2004,Renault,1,18,5.56
2004,Williams,1,18,5.56
2006,Honda,1,18,5.56
2008,BMW Sauber,1,18,5.56
2008,Toro Rosso,1,18,5.56
2005,Ferrari,1,19,5.26
2011,Ferrari,1,19,5.26
2013,Lotus,1,19,5.26
2012,Lotus,1,20,5.0
2012,Mercedes,1,20,5.0
2012,Williams,1,20,5.0
2021,Alpine,1,22,4.55
2021,McLaren,1,22,4.55
2022,Mercedes,1,22,4.55
2023,Ferrari,1,22,4.55
