constructorId,name,countryId,RaceWins
ferrari,Ferrari,italy,249
mclaren,McLaren,united-kingdom,203
mercedes,Mercedes,germany,138
red-bull,Red Bull,austria,130
williams,Williams,united-kingdom,114
lotus,Lotus,united-kingdom,79
brabham,Brabham,united-kingdom,35
renault,Renault,france,35
benetton,Benetton,italy,27
tyrrell,Tyrrell,united-kingdom,23
brm,BRM,united-kingdom,17
cooper,Cooper,united-kingdom,16
alfa-romeo,Alfa Romeo,italy,10
ligier,Ligier,france,9
maserati,Maserati,italy,9
matra,Matra,france,9
vanwall,Vanwall,united-kingdom,9
brawn,Brawn,united-kingdom,8
kurtis-kraft,Kurtis Kraft,united-states-of-america,5
jordan,Jordan,ireland,4
honda,Honda,japan,3
march,March,united-kingdom,3
watson,Watson,united-states-of-america,3
wolf,Wolf,canada,3
epperly,Epperly,united-states-of-america,2
lotus-f1,Lotus,united-kingdom,2
alphatauri,AlphaTauri,italy,1
alpine,Alpine,france,1
bmw-sauber,BMW Sauber,germany,1
eagle,Eagle,united-states-of-america,1
hesketh,Hesketh,united-kingdom,1
kuzma,Kuzma,united-states-of-america,1
penske,Penske,united-states-of-america,1
porsche,Porsche,germany,1
racing-point,Racing Point,united-kingdom,1
shadow,Shadow,united-kingdom,1
stewart,Stewart,united-kingdom,1
toro-rosso,Toro Rosso,italy,1
