driverId,name,nationalityCountryId,RaceWins
lewis-hamilton,Lewis Hamilton,united-kingdom,106
michael-schumacher,Michael Schumacher,germany,91
max-verstappen,Max Verstappen,netherlands,71
sebastian-vettel,Sebastian Vettel,germany,53
alain-prost,Alain Prost,france,51
ayrton-senna,Ayrton Senna,brazil,41
fernando-alonso,Fernando Alonso,spain,32
nigel-mansell,Nigel Mansell,united-kingdom,31
jackie-stewart,Jackie Stewart,united-kingdom,27
jim-clark,Jim Clark,united-kingdom,25
niki-lauda,Niki Lauda,austria,25
juan-manuel-fangio,Juan Manuel Fangio,argentina,24
nelson-piquet,Nelson Piquet,brazil,23
nico-rosberg,Nico Rosberg,germany,23
damon-hill,Damon Hill,united-kingdom,22
kimi-raikkonen,Kimi Räikkönen,finland,21
mika-hakkinen,Mika Häkkinen,finland,20
stirling-moss,Stirling Moss,united-kingdom,16
jenson-button,Jenson Button,united-kingdom,15
emerson-fittipaldi,Emerson Fittipaldi,brazil,14
graham-hill,Graham Hill,united-kingdom,14
jack-brabham,Jack Brabham,australia,14
alberto-ascari,Alberto Ascari,italy,13
david-coulthard,David Coulthard,united-kingdom,13
alan-jones,Alan Jones,australia,12
carlos-reutemann,Carlos Reutemann,argentina,12
mario-andretti,Mario Andretti,united-states-of-america,12
felipe-massa,Felipe Massa,brazil,11
jacques-villeneuve,Jacques Villeneuve,canada,11
lando-norris,Lando Norris,united-kingdom,11
rubens-barrichello,Rubens Barrichello,brazil,11
gerhard-berger,Gerhard Berger,austria,10
james-hunt,James Hunt,united-kingdom,10
jody-scheckter,Jody Scheckter,south-africa,10
ronnie-peterson,Ronnie Peterson,sweden,10
valtteri-bottas,Valtteri Bottas,finland,10
mark-webber,Mark Webber,australia,9
oscar-piastri,Oscar Piastri,australia,9
charles-leclerc,Charles Leclerc,monaco,8
daniel-ricciardo,Daniel Ricciardo,australia,8
denny-hulme,Denny Hulme,new-zealand,8
jacky-ickx,Jacky Ickx,belgium,8
george-russell,George Russell,united-kingdom,7
juan-pablo-montoya,Juan Pablo Montoya,colombia,7
rene-arnoux,René Arnoux,france,7
gilles-villeneuve,Gilles Villeneuve,canada,6
jacques-laffite,Jacques Laffite,france,6
jochen-rindt,Jochen Rindt,austria,6
john-surtees,John Surtees,united-kingdom,6
ralf-schumacher,Ralf Schumacher,germany,6
riccardo-patrese,Riccardo Patrese,italy,6
sergio-perez,Sergio Pérez,mexico,6
tony-brooks,Tony Brooks,united-kingdom,6
clay-regazzoni,Clay Regazzoni,switzerland,5
john-watson,John Watson,united-kingdom,5
keke-rosberg,Keke Rosberg,finland,5
kimi-antonelli,Kimi Antonelli,italy,5
michele-alboreto,Michele Alboreto,italy,5
nino-farina,Nino Farina,italy,5
bruce-mclaren,Bruce McLaren,new-zealand,4
carlos-sainz-jr,Carlos Sainz Jr.,spain,4
dan-gurney,Dan Gurney,united-states-of-america,4
eddie-irvine,Eddie Irvine,united-kingdom,4
didier-pironi,Didier Pironi,france,3
giancarlo-fisichella,Giancarlo Fisichella,italy,3
heinz-harald-frentzen,Heinz-Harald Frentzen,germany,3
johnny-herbert,Johnny Herbert,united-kingdom,3
mike-hawthorn,Mike Hawthorn,united-kingdom,3
peter-collins,Peter Collins,united-kingdom,3
phil-hill,Phil Hill,united-states-of-america,3
thierry-boutsen,Thierry Boutsen,belgium,3
bill-vukovich,Bill Vukovich,united-states-of-america,2
elio-de-angelis,Elio de Angelis,italy,2
jean-pierre-jabouille,Jean-Pierre Jabouille,france,2
jo-siffert,Jo Siffert,switzerland,2
jose-froilan-gonzalez,José Froilán González,argentina,2
maurice-trintignant,Maurice Trintignant,france,2
patrick-depailler,Patrick Depailler,france,2
patrick-tambay,Patrick Tambay,france,2
pedro-rodriguez,Pedro Rodríguez,mexico,2
peter-revson,Peter Revson,united-states-of-america,2
wolfgang-von-trips,Wolfgang von Trips,germany,2
alessandro-nannini,Alessandro Nannini,italy,1
bob-sweikert,Bob Sweikert,united-states-of-america,1
carlos-pace,Carlos Pace,brazil,1
esteban-ocon,Esteban Ocon,france,1
francois-cevert,François Cevert,france,1
giancarlo-baghetti,Giancarlo Baghetti,italy,1
gunnar-nilsson,Gunnar Nilsson,sweden,1
heikki-kovalainen,Heikki Kovalainen,finland,1
innes-ireland,Innes Ireland,united-kingdom,1
jarno-trulli,Jarno Trulli,italy,1
jean-alesi,Jean Alesi,france,1
jean-pierre-beltoise,Jean-Pierre Beltoise,france,1
jim-rathmann,Jim Rathmann,united-states-of-america,1
jimmy-bryan,Jimmy Bryan,united-states-of-america,1
jo-bonnier,Jo Bonnier,sweden,1
jochen-mass,Jochen Mass,germany,1
johnnie-parsons,Johnnie Parsons,united-states-of-america,1
lee-wallard,Lee Wallard,united-states-of-america,1
lorenzo-bandini,Lorenzo Bandini,italy,1
ludovico-scarfiotti,Ludovico Scarfiotti,italy,1
luigi-fagioli,Luigi Fagioli,italy,1
luigi-musso,Luigi Musso,italy,1
olivier-panis,Olivier Panis,france,1
pastor-maldonado,Pastor Maldonado,venezuela,1
pat-flaherty,Pat Flaherty,united-states-of-america,1
peter-gethin,Peter Gethin,united-kingdom,1
piero-taruffi,Piero Taruffi,italy,1
pierre-gasly,Pierre Gasly,france,1
richie-ginther,Richie Ginther,united-states-of-america,1
robert-kubica,Robert Kubica,poland,1
rodger-ward,Rodger Ward,united-states-of-america,1
sam-hanks,Sam Hanks,united-states-of-america,1
troy-ruttman,Troy Ruttman,united-states-of-america,1
vittorio-brambilla,Vittorio Brambilla,italy,1
