positionText,Rows,SharePct
DNF,8756,31.88
4,1167,4.25
3,1167,4.25
2,1165,4.24
5,1163,4.23
1,1160,4.22
6,1156,4.21
7,1140,4.15
8,1111,4.04
9,1071,3.9
DNQ,1041,3.79
10,1011,3.68
11,937,3.41
12,837,3.05
13,744,2.71
14,645,2.35
15,562,2.05
16,464,1.69
DNS,381,1.39
17,365,1.33
DNPQ,338,1.23
18,252,0.92
NC,200,0.73
DSQ,161,0.59
19,159,0.58
20,86,0.31
21,40,0.15
22,28,0.1
23,20,0.07
EX,15,0.05
24,14,0.05
25,14,0.05
27,12,0.04
31,12,0.04
30,12,0.04
28,12,0.04
26,11,0.04
29,11,0.04
32,11,0.04
33,11,0.04
DNP,5,0.02
