grandPrixId,GrandPrixName,CircuitCount,CircuitIds
france,France,7,"bugatti, clermont-ferrand, dijon, magny-cours, paul-ricard, reims, rouen"
europe,Europe,6,"baku, brands-hatch, donington, jerez, nurburgring, valencia"
spain,Spain,6,"catalunya, jarama, jerez, madring, montjuic, pedralbes"
united-states,United States,6,"austin, indianapolis, phoenix, riverside, sebring, watkins-glen"
portugal,Portugal,4,"estoril, monsanto, portimao, porto"
germany,Germany,3,"avus, hockenheimring, nurburgring"
belgium,Belgium,3,"nivelles, spa-francorchamps, zolder"
canada,Canada,3,"mont-tremblant, montreal, mosport"
great-britain,Great Britain,3,"aintree, brands-hatch, silverstone"
austria,Austria,2,"spielberg, zeltweg"
brazil,Brazil,2,"interlagos, jacarepagua"
australia,Australia,2,"adelaide, melbourne"
japan,Japan,2,"fuji, suzuka"
italy,Italy,2,"imola, monza"
south-africa,South Africa,2,"east-london, kyalami"
switzerland,Switzerland,2,"bremgarten, dijon"
