Continent,HostCountry,ScheduledRaceEvents
europe,Italy,110
north-america,United States of America,85
europe,United Kingdom,81
europe,Germany,79
europe,Monaco,72
europe,Belgium,71
europe,Spain,64
europe,France,63
north-america,Canada,55
south-america,Brazil,53
asia,Japan,42
europe,Hungary,41
europe,Austria,41
australia,Australia,40
europe,Netherlands,36
north-america,Mexico,26
africa,South Africa,23
asia,Bahrain,22
south-america,Argentina,20
asia,Malaysia,19
asia,China,19
asia,United Arab Emirates,18
europe,Portugal,18
asia,Singapore,17
asia,Azerbaijan,10
europe,Turkey,9
europe,Russia,8
europe,Sweden,6
asia,Saudi Arabia,5
asia,Qatar,5
europe,Switzerland,5
asia,South Korea,4
asia,India,3
africa,Morocco,1
