id,year,round,date,officialName
1158,2026,9,2026-07-05,Formula 1 Pirelli British Grand Prix 2026
1159,2026,10,2026-07-19,Formula 1 Moët & Chandon Belgian Grand Prix 2026
1160,2026,11,2026-07-26,Formula 1 AWS Hungarian Grand Prix 2026
1161,2026,12,2026-08-23,Formula 1 Heineken Dutch Grand Prix 2026
1162,2026,13,2026-09-06,Formula 1 Pirelli Gran Premio d'Italia 2026
1163,2026,14,2026-09-13,Formula 1 TAG Heuer Gran Premio de España 2026
1164,2026,15,2026-09-26,Formula 1 Qatar Airways Azerbaijan Grand Prix 2026
1165,2026,16,2026-10-11,Formula 1 Singapore Airlines Singapore Grand Prix 2026
1166,2026,17,2026-10-25,Formula 1 MSC Cruises United States Grand Prix 2026
1167,2026,18,2026-11-01,Formula 1 Gran Premio de la Ciudad de México 2026
1168,2026,19,2026-11-08,Formula 1 MSC Cruises Grande Prêmio de São Paulo 2026
1169,2026,20,2026-11-22,Formula 1 Heineken Las Vegas Grand Prix 2026
1170,2026,21,2026-11-29,Formula 1 Qatar Airways Qatar Grand Prix 2026
1171,2026,22,2026-12-06,Formula 1 Etihad Airways Abu Dhabi Grand Prix 2026
