Year,ScheduledRaceRows,RaceResultRows,DistinctRaceEventsWithResult,BlankFinishPositionRows,ExplicitDNFRows,WinningEntryRows,ChampionshipPoints,BlankFinishPositionRatePct,ExplicitDNFRatePct
1950,7,162,7,68,63,7,168.0,41.98,38.89
1951,8,182,8,67,60,9,192.0,36.81,32.97
1952,8,221,8,93,72,8,192.0,42.08,32.58
1953,9,255,9,108,96,9,216.0,42.35,37.65
1954,9,230,9,97,84,9,215.98,42.17,36.52
1955,7,180,7,76,66,7,167.99,42.22,36.67
1956,8,193,8,86,74,9,190.5,44.56,38.34
1957,8,171,8,64,58,9,192.0,37.43,33.92
1958,11,241,11,108,91,11,259.0,44.81,37.76
1959,9,197,9,85,66,9,216.0,43.15,33.5
1960,10,225,10,93,70,10,236.0,41.33,31.11
1961,8,204,8,91,71,8,200.0,44.61,34.8
1962,9,198,9,90,66,9,225.0,45.45,33.33
1963,10,218,10,102,81,10,246.0,46.79,37.16
1964,10,210,10,92,73,10,250.0,43.81,34.76
1965,10,206,10,88,67,10,250.0,42.72,32.52
1966,9,182,9,110,84,9,221.0,60.44,46.15
1967,11,208,11,112,98,11,275.0,53.85,47.12
1968,12,239,12,142,122,12,298.0,59.41,51.05
1969,11,190,11,94,81,11,275.0,49.47,42.63
1970,13,297,13,164,117,13,324.0,55.22,39.39
1971,11,272,11,134,99,11,275.0,49.26,36.4
1972,12,319,12,144,115,12,300.0,45.14,36.05
1973,15,362,15,165,141,15,375.0,45.58,38.95
1974,15,440,15,231,163,15,375.0,52.5,37.05
1975,14,363,14,167,132,14,325.0,46.01,36.36
1976,16,436,16,210,161,16,400.0,48.17,36.93
1977,17,479,17,260,178,17,425.0,54.28,37.16
1978,16,473,16,264,165,16,400.0,55.81,34.88
1979,15,402,15,226,178,15,375.0,56.22,44.28
1980,14,383,14,210,151,14,350.0,54.83,39.43
1981,15,448,15,266,165,15,375.0,59.38,36.83
1982,16,466,16,281,198,16,399.0,60.3,42.49
1983,15,424,15,233,182,15,369.0,54.95,42.92
1984,16,434,16,268,218,16,383.5,61.75,50.23
1985,16,410,16,227,199,16,400.0,55.37,48.54
1986,16,414,16,238,218,16,400.0,57.49,52.66
1987,16,422,16,230,207,16,398.0,54.5,49.05
1988,16,496,16,273,187,16,400.0,55.04,37.7
1989,16,621,16,429,213,16,400.0,69.08,34.3
1990,16,542,16,323,188,16,400.0,59.59,34.69
1991,16,539,16,317,192,16,403.0,58.81,35.62
1992,16,481,16,267,201,16,416.0,55.51,41.79
1993,16,412,16,193,182,16,416.0,46.84,44.17
1994,16,444,16,239,204,16,416.0,53.83,45.95
1995,17,418,17,208,192,17,442.0,49.76,45.93
1996,16,340,16,167,148,16,416.0,49.12,43.53
1997,17,376,17,161,152,17,442.0,42.82,40.43
1998,16,352,16,149,138,16,416.0,42.33,39.2
1999,16,352,16,160,154,16,416.0,45.45,43.75
2000,17,374,17,144,138,17,442.0,38.5,36.9
2001,17,374,17,147,144,17,442.0,39.3,38.5
2002,17,364,17,152,139,17,442.0,41.76,38.19
2003,16,320,16,106,103,16,624.0,33.12,32.19
2004,18,360,18,99,93,18,702.0,27.5,25.83
2005,19,376,19,95,72,19,738.0,25.27,19.15
2006,18,396,18,122,115,18,702.0,30.81,29.04
2007,17,374,17,93,91,17,663.0,24.87,24.33
2008,18,368,18,81,80,18,702.0,22.01,21.74
2009,17,340,17,61,58,17,643.5,17.94,17.06
2010,19,456,19,108,101,19,1919.0,23.68,22.15
2011,19,454,19,80,74,19,1919.0,17.62,16.3
2012,20,480,20,79,75,20,2020.0,16.46,15.62
2013,19,418,19,52,51,19,1919.0,12.44,12.2
2014,19,407,19,80,75,19,2020.0,19.66,18.43
2015,19,380,19,76,66,19,1919.0,20.0,17.37
2016,21,462,21,79,74,21,2121.0,17.1,16.02
2017,20,400,20,86,82,20,2020.0,21.5,20.5
2018,21,420,21,76,73,21,2121.0,18.1,17.38
2019,21,420,21,48,46,21,2140.0,11.43,10.95
2020,17,340,17,53,51,17,1734.0,15.59,15.0
2021,22,440,22,50,46,22,2189.5,11.36,10.45
2022,22,440,22,64,62,22,2242.0,14.55,14.09
2023,22,440,22,52,46,22,2242.0,11.82,10.45
2024,24,479,24,48,43,24,2443.0,10.02,8.98
2025,24,480,24,56,46,24,2424.0,11.67,9.58
2026,22,176,8,40,31,8,808.0,22.73,17.61
